FPR,TPR,Threshold
0.0,0.0,inf
0.0,0.0007892659826361484,0.9999995231628418
0.0,0.0011838989739542227,0.9999994039535522
0.0,0.003551696921862668,0.9999991655349731
0.0,0.0055248618784530384,0.9999990463256836
0.0,0.006708760852407261,0.999998927116394
0.0,0.009865824782951855,0.9999988079071045
0.0,0.010260457774269928,0.9999986886978149
0.0,0.011444356748224152,0.9999985694885254
0.0,0.0122336227308603,0.9999984502792358
0.0,0.013022888713496448,0.9999982118606567
0.0,0.014601420678768745,0.9999979734420776
0.0,0.01499605367008682,0.9999978542327881
0.0,0.01578531965272297,0.9999977350234985
0.0,0.017363851617995266,0.999997615814209
0.0,0.018547750591949488,0.9999974966049194
0.0,0.019337016574585635,0.9999973773956299
0.0,0.020126282557221785,0.9999971389770508
0.0,0.021310181531176007,0.9999970197677612
0.0,0.022099447513812154,0.9999967813491821
0.0,0.022888713496448304,0.9999966621398926
0.0,0.02367797947908445,0.9999961853027344
0.0,0.025256511444356748,0.9999957084655762
0.0,0.025651144435674823,0.9999955892562866
0.0,0.02644041041831097,0.9999954700469971
0.0,0.02722967640094712,0.999995231628418
0.0,0.028018942383583267,0.9999951124191284
0.0,0.028413575374901343,0.9999948740005493
0.0,0.029597474348855565,0.9999946355819702
0.0,0.03038674033149171,0.9999945163726807
0.0,0.030781373322809787,0.9999943971633911
0.0,0.03235990528808208,0.9999942779541016
0.0,0.03393843725335438,0.9999935626983643
0.0,0.03472770323599053,0.9999934434890747
0.0,0.0351223362273086,0.9999933242797852
0.0,0.03749013417521705,0.9999929666519165
0.0,0.038279400157853194,0.9999926090240479
0.0,0.039068666140489344,0.9999924898147583
0.0,0.03946329913180742,0.9999923706054688
0.0,0.04025256511444357,0.9999921321868896
0.0,0.041831097079715863,0.9999915361404419
0.0,0.04301499605367009,0.9999912977218628
0.0,0.043409629044988164,0.9999911785125732
0.0,0.04419889502762431,0.9999910593032837
0.0,0.04538279400157853,0.9999909400939941
0.0,0.04577742699289661,0.9999908208847046
0.0,0.0473559589581689,0.9999904632568359
0.0,0.04775059194948698,0.9999902248382568
0.0,0.04932912391475927,0.9999898672103882
0.0,0.05011838989739542,0.9999892711639404
0.0,0.05090765588003157,0.9999891519546509
0.0,0.05288082083662194,0.9999878406524658
0.0,0.055248618784530384,0.9999873638153076
0.0,0.06077348066298342,0.9999834299087524
0.0,0.06156274664561957,0.9999828338623047
0.0,0.06314127861089187,0.9999815225601196
0.0,0.06393054459352802,0.9999812841415405
0.0,0.07142857142857142,0.9999750852584839
0.0,0.07221783741120757,0.9999749660491943
0.0,0.07576953433307025,0.9999723434448242
0.0,0.07655880031570639,0.9999722242355347
0.0,0.07813733228097869,0.9999715089797974
0.0,0.07932123125493291,0.9999711513519287
0.0,0.08011049723756906,0.9999707937240601
0.0,0.08089976322020521,0.9999704360961914
0.0,0.08168902920284135,0.9999703168869019
0.0,0.0824782951854775,0.9999699592590332
0.0,0.08326756116811365,0.9999696016311646
0.0,0.0856353591160221,0.9999682903289795
0.0,0.08642462509865825,0.9999679327011108
0.0,0.08721389108129439,0.9999676942825317
0.0,0.08879242304656669,0.9999675750732422
0.0,0.08958168902920284,0.9999674558639526
0.0,0.09037095501183899,0.999967098236084
0.0,0.09116022099447514,0.9999669790267944
0.0,0.09155485398579322,0.9999668598175049
0.0,0.09234411996842937,0.9999666213989258
0.0,0.09273875295974743,0.9999661445617676
0.0,0.09431728492501973,0.9999657869338989
0.0,0.09510655090765588,0.9999653100967407
0.0,0.09668508287292818,0.9999651908874512
0.0,0.09707971586424625,0.9999649524688721
0.0,0.09826361483820048,0.999964714050293
0.0,0.09865824782951854,0.9999644756317139
0.0,0.10181531176006314,0.9999637603759766
0.0,0.10497237569060773,0.9999608993530273
0.0,0.10615627466456196,0.9999607801437378
0.0,0.1085240726124704,0.9999591112136841
0.0,0.10931333859510656,0.9999589920043945
0.0,0.11207576953433307,0.9999572038650513
0.0,0.11286503551696922,0.9999570846557617
0.0,0.1132596685082873,0.9999569654464722
0.0,0.11404893449092345,0.9999566078186035
0.0,0.11444356748224152,0.999956488609314
0.0,0.11523283346487766,0.9999561309814453
0.0,0.11681136543014996,0.9999550580978394
0.0,0.11760063141278611,0.9999538660049438
0.0,0.11799526440410418,0.999953031539917
0.0,0.11878453038674033,0.9999529123306274
0.0,0.11957379636937648,0.9999526739120483
0.0,0.12036306235201263,0.9999525547027588
0.0,0.12115232833464877,0.9999520778656006
0.0,0.122336227308603,0.9999518394470215
0.0,0.12312549329123915,0.9999511241912842
0.0,0.1239147592738753,0.9999510049819946
0.0,0.12430939226519337,0.9999508857727051
0.0,0.1250986582478295,0.999950647354126
0.0,0.1254932912391476,0.9999504089355469
0.0,0.12628255722178375,0.9999500513076782
0.0,0.12786108918705605,0.9999487400054932
0.0,0.1286503551696922,0.9999485015869141
0.0,0.1298342541436464,0.9999479055404663
0.0,0.13062352012628256,0.9999476671218872
0.0,0.1314127861089187,0.9999465942382812
0.0,0.13220205209155486,0.9999463558197021
0.0,0.13259668508287292,0.999946117401123
0.0,0.13338595106550907,0.9999457597732544
0.0,0.13378058405682716,0.9999456405639648
0.0,0.1345698500394633,0.9999455213546753
0.0,0.13496448303078137,0.9999452829360962
0.0,0.13575374901341752,0.9999450445175171
0.0,0.13654301499605367,0.9999444484710693
0.0,0.13733228097868982,0.9999434947967529
0.0,0.13851617995264404,0.9999425411224365
0.0,0.1393054459352802,0.999942421913147
0.0,0.13970007892659828,0.9999419450759888
0.0,0.1404893449092344,0.9999412298202515
0.0,0.14167324388318864,0.9999402761459351
0.0,0.1424625098658248,0.9999384880065918
0.0,0.143646408839779,0.9999376535415649
0.0,0.14443567482241515,0.9999374151229858
0.0,0.15272296764009471,0.999929666519165
0.0,0.15390686661404893,0.9999295473098755
0.0,0.15548539857932123,0.99992835521698
0.0,0.15666929755327547,0.9999281167984009
0.0,0.1574585635359116,0.9999279975891113
0.0,0.15943172849250198,0.9999257326126099
0.0,0.16101026045777428,0.9999253749847412
0.0,0.16179952644041043,0.999924898147583
0.0,0.16258879242304658,0.9999244213104248
0.0,0.1669297553275454,0.9999210834503174
0.0,0.16771902131018154,0.9999208450317383
0.0,0.1681136543014996,0.9999207258224487
0.0,0.1696921862667719,0.9999191761016846
0.0,0.1728492501973165,0.9999154806137085
0.0,0.17363851617995266,0.9999152421951294
0.0,0.17403314917127072,0.9999134540557861
0.0,0.17482241515390687,0.9999129772186279
0.0,0.17561168113654302,0.9999123811721802
0.0,0.17640094711917917,0.9999111890792847
0.0,0.17719021310181532,0.9999099969863892
0.0,0.17876874506708762,0.9999094009399414
0.0,0.1835043409629045,0.9999046325683594
0.0,0.18429360694554064,0.9999042749404907
0.0,0.18547750591949486,0.9999032020568848
0.0,0.186266771902131,0.9999030828475952
0.0,0.1882399368587214,0.9998996257781982
0.0,0.18902920284135755,0.9998992681503296
0.0,0.1898184688239937,0.9998977184295654
0.0,0.19139700078926597,0.9998970031738281
0.0,0.19218626677190212,0.9998961687088013
0.0,0.19297553275453827,0.9998960494995117
0.0,0.19455406471981057,0.9998937845230103
0.0,0.1957379636937648,0.9998928308486938
0.0,0.19731649565903708,0.9998914003372192
0.0,0.20402525651144435,0.9998815059661865
0.0,0.2048145224940805,0.9998810291290283
0.0,0.20718232044198895,0.9998781681060791
0.0,0.2079715864246251,0.9998780488967896
0.0,0.21033938437253355,0.9998739957809448
0.0,0.2111286503551697,0.9998738765716553
0.0,0.2138910812943962,0.9998700618743896
0.0,0.21468034727703236,0.9998698234558105
0.0,0.21507498026835042,0.9998692274093628
0.0,0.21586424625098657,0.9998687505722046
0.0,0.22296764009471193,0.9998559951782227
0.0,0.22375690607734808,0.9998536109924316
0.0,0.22730860299921074,0.9998400211334229
0.0,0.2280978689818469,0.9998393058776855
0.0,0.22849250197316495,0.9998388290405273
0.0,0.2292817679558011,0.9998375177383423
0.0,0.23007103393843725,0.9998369216918945
0.0,0.2308602999210734,0.999836802482605
0.0,0.23322809786898185,0.9998286962509155
0.0,0.234017363851618,0.9998260140419006
0.0,0.23717442778216258,0.9998156428337097
0.0,0.23796369376479873,0.9998148083686829
0.0,0.250197316495659,0.9997833371162415
0.0,0.2509865824782952,0.9997829794883728
0.0,0.255327545382794,0.9997649788856506
0.0,0.25611681136543013,0.9997602105140686
0.0,0.2569060773480663,0.9997573494911194
0.0,0.25769534333070243,0.9997556805610657
0.0,0.26085240726124703,0.9997398257255554
0.0,0.26203630623520124,0.9997394680976868
0.0,0.2644041041831097,0.9997331500053406
0.0,0.26519337016574585,0.9997319579124451
0.0,0.30820836621941594,0.9994630217552185
0.0,0.30899763220205206,0.9994576573371887
0.0,0.31136543014996054,0.9994423985481262
0.0,0.31215469613259667,0.9994389414787292
0.0,0.340568271507498,0.9991376399993896
0.0,0.3413575374901342,0.9991338849067688
0.0,0.3717442778216259,0.998612642288208
0.0,0.372533543804262,0.9986031651496887
0.0,0.3808208366219416,0.9984368681907654
0.0,0.38161010260457773,0.9984311461448669
0.0,0.4206787687450671,0.9975420236587524
0.0,0.4214680347277032,0.9975321292877197
0.0,0.4246250986582478,0.9974130988121033
0.0,0.42580899763220204,0.9974098801612854
0.0,0.4463299131807419,0.9968520998954773
0.0,0.44711917916337807,0.9968155026435852
0.0,0.5031570639305446,0.9947201013565063
4.939491232403063e-05,0.5031570639305446,0.9946938157081604
4.939491232403063e-05,0.5149960536700868,0.9940221905708313
9.878982464806126e-05,0.5149960536700868,0.9940112233161926
9.878982464806126e-05,0.5169692186266772,0.993913471698761
9.878982464806126e-05,0.5177584846093133,0.993869423866272
9.878982464806126e-05,0.5382794001578532,0.9925622344017029
0.00014818473697209188,0.5382794001578532,0.9925363063812256
0.00014818473697209188,0.5461720599842147,0.991817057132721
0.0001975796492961225,0.5461720599842147,0.9917895793914795
0.0001975796492961225,0.5718232044198895,0.9887667298316956
0.0001975796492961225,0.5726124704025256,0.9887663722038269
0.0001975796492961225,0.5734017363851618,0.9885883331298828
0.0002469745616201531,0.5734017363851618,0.9884684681892395
0.0002469745616201531,0.5753749013417522,0.988239049911499
0.00029636947394418375,0.5753749013417522,0.9881411790847778
0.00029636947394418375,0.5812943962115232,0.987038791179657
0.0003457643862682144,0.5812943962115232,0.987004816532135
0.0003457643862682144,0.5816890292028414,0.9869764447212219
0.000395159298592245,0.5816890292028414,0.9869762063026428
0.000395159298592245,0.5966850828729282,0.9844100475311279
0.0004445542109162756,0.5966850828729282,0.9843730926513672
0.0004445542109162756,0.6140489344909235,0.9804814457893372
0.0004939491232403062,0.6140489344909235,0.9804012179374695
0.0004939491232403062,0.6187845303867403,0.9794723987579346
0.0005433440355643369,0.6187845303867403,0.9794710278511047
0.0005433440355643369,0.6298342541436464,0.9769040942192078
0.0005927389478883675,0.6298342541436464,0.976875901222229
0.0005927389478883675,0.6325966850828729,0.976285457611084
0.0006421338602123981,0.6325966850828729,0.9760493040084839
0.0006421338602123981,0.6385161799526441,0.9744996428489685
0.0006915287725364288,0.6385161799526441,0.9744901657104492
0.0006915287725364288,0.6408839779005525,0.9739684462547302
0.00079031859718449,0.6408839779005525,0.9738727807998657
0.00079031859718449,0.6412786108918705,0.9738436937332153
0.0008397135095085206,0.6412786108918705,0.9735864996910095
0.0008397135095085206,0.6440410418310971,0.9724903106689453
0.0008891084218325512,0.6440410418310971,0.9723966121673584
0.0008891084218325512,0.6464088397790055,0.9711868762969971
0.0009385033341565819,0.6464088397790055,0.9710695743560791
0.0009385033341565819,0.6468034727703236,0.9710540771484375
0.0010372931588046432,0.6468034727703236,0.9706416130065918
0.0010372931588046432,0.649171270718232,0.9696637988090515
0.0010866880711286738,0.649171270718232,0.9694675803184509
0.0010866880711286738,0.654301499605367,0.9675732851028442
0.0011360829834527043,0.654301499605367,0.9675390124320984
0.0011360829834527043,0.6566692975532754,0.9663271903991699
0.001185477895776735,0.6566692975532754,0.9663147330284119
0.001185477895776735,0.6574585635359116,0.9661257266998291
0.0012348728081007657,0.6574585635359116,0.9660733342170715
0.0012348728081007657,0.659037095501184,0.9656656384468079
0.0012842677204247962,0.659037095501184,0.9656195044517517
0.0012842677204247962,0.6625887924230466,0.9646435976028442
0.0013336626327488269,0.6625887924230466,0.9644560217857361
0.0013336626327488269,0.6637726913970008,0.9638692140579224
0.0013830575450728575,0.6637726913970008,0.9638584852218628
0.0013830575450728575,0.6661404893449092,0.9628257751464844
0.001432452457396888,0.6661404893449092,0.9627932906150818
0.001432452457396888,0.6696921862667718,0.9613945484161377
0.0014818473697209187,0.6696921862667718,0.9613519310951233
0.0014818473697209187,0.6708760852407262,0.9611916542053223
0.0015312422820449494,0.6708760852407262,0.9611324071884155
0.0015312422820449494,0.6732438831886346,0.9606794714927673
0.00158063719436898,0.6732438831886346,0.9605926871299744
0.00158063719436898,0.6736385161799526,0.9602274894714355
0.0016300321066930106,0.6736385161799526,0.960185170173645
0.0016300321066930106,0.6748224151539068,0.9594168066978455
0.0016794270190170412,0.6748224151539068,0.959315836429596
0.0016794270190170412,0.6791633780584057,0.9574657082557678
0.001728821931341072,0.6791633780584057,0.9572781324386597
0.001728821931341072,0.681136543014996,0.956474781036377
0.0017782168436651024,0.681136543014996,0.956421971321106
0.0017782168436651024,0.6815311760063141,0.956421434879303
0.001827611755989133,0.6815311760063141,0.9563551545143127
0.001827611755989133,0.6835043409629045,0.9559081196784973
0.0018770066683131638,0.6835043409629045,0.9558659791946411
0.0018770066683131638,0.6842936069455406,0.9554587602615356
0.0019264015806371945,0.6842936069455406,0.9553083181381226
0.0019264015806371945,0.6846882399368587,0.9551171064376831
0.001975796492961225,0.6846882399368587,0.9548692107200623
0.001975796492961225,0.6858721389108129,0.9547417163848877
0.0020251914052852554,0.6858721389108129,0.9543134570121765
0.0020251914052852554,0.6898184688239937,0.9521833658218384
0.0020745863176092863,0.6898184688239937,0.9520048499107361
0.0020745863176092863,0.6906077348066298,0.9518269300460815
0.002123981229933317,0.6906077348066298,0.9516806602478027
0.002123981229933317,0.6910023677979479,0.9516332149505615
0.0021733761422573477,0.6910023677979479,0.9514819979667664
0.0021733761422573477,0.691397000789266,0.9514433741569519
0.002222771054581378,0.691397000789266,0.9511786103248596
0.002222771054581378,0.6937647987371744,0.9502606391906738
0.0022721659669054086,0.6937647987371744,0.9501751661300659
0.0022721659669054086,0.6965272296764009,0.9493860602378845
0.0023215608792294395,0.6965272296764009,0.9492812752723694
0.0023215608792294395,0.7004735595895817,0.948095440864563
0.00237095579155347,0.7004735595895817,0.9477452635765076
0.00237095579155347,0.7008681925808997,0.9477167725563049
0.0024203507038775005,0.7008681925808997,0.94740229845047
0.0024203507038775005,0.7028413575374901,0.9467213153839111
0.0024697456162015314,0.7028413575374901,0.9467146992683411
0.0024697456162015314,0.7067876874506709,0.9453907608985901
0.0025685354408495923,0.7067876874506709,0.9449348449707031
0.0025685354408495923,0.7099447513812155,0.9431416988372803
0.0026179303531736232,0.7099447513812155,0.9430007934570312
0.0026179303531736232,0.7123125493291239,0.9419593811035156
0.0026673252654976537,0.7123125493291239,0.9417548775672913
0.0026673252654976537,0.7142857142857143,0.9410516619682312
0.002716720177821684,0.7142857142857143,0.9407827854156494
0.002716720177821684,0.7162588792423047,0.9398683309555054
0.0028155100024697456,0.7162588792423047,0.9396752715110779
0.0028155100024697456,0.7170481452249408,0.9395299553871155
0.002864904914793776,0.7170481452249408,0.9392274022102356
0.002864904914793776,0.7190213101815311,0.9380373358726501
0.002914299827117807,0.7190213101815311,0.9380314350128174
0.002914299827117807,0.7194159431728493,0.9379317164421082
0.0030130896517658683,0.7194159431728493,0.9378897547721863
0.0030130896517658683,0.7198105761641673,0.9375085234642029
0.003062484564089899,0.7198105761641673,0.9374963045120239
0.003062484564089899,0.7213891081294396,0.93680340051651
0.0031118794764139293,0.7213891081294396,0.936678409576416
0.0031118794764139293,0.7253354380426204,0.9343182444572449
0.0032106693010619906,0.7253354380426204,0.9336641430854797
0.0032106693010619906,0.7261247040252565,0.9332595467567444
0.003260064213386021,0.7261247040252565,0.9332157373428345
0.003260064213386021,0.728887134964483,0.9322115182876587
0.003309459125710052,0.728887134964483,0.9318698048591614
0.003309459125710052,0.7296764009471192,0.931361973285675
0.0033588540380340825,0.7296764009471192,0.9313032627105713
0.0033588540380340825,0.7316495659037096,0.9304771423339844
0.003408248950358113,0.7316495659037096,0.9303025603294373
0.003408248950358113,0.7336227308602999,0.9298036694526672
0.0035070387750061743,0.7336227308602999,0.9294425845146179
0.0035070387750061743,0.7352012628255722,0.9284252524375916
0.0037046184243022967,0.7352012628255722,0.9278541803359985
0.0037046184243022967,0.7379636937647988,0.9264823198318481
0.0037540133366263276,0.7379636937647988,0.9264175295829773
0.0037540133366263276,0.7383583267561168,0.9260513186454773
0.003803408248950358,0.7383583267561168,0.9256588816642761
0.003803408248950358,0.739542225730071,0.9249501824378967
0.003852803161274389,0.739542225730071,0.9247297048568726
0.003852803161274389,0.7415153906866614,0.9240935444831848
0.004000987898246481,0.7415153906866614,0.9239014983177185
0.004000987898246481,0.7430939226519337,0.923015832901001
0.004099777722894542,0.7430939226519337,0.9229324460029602
0.004099777722894542,0.7434885556432518,0.9228485226631165
0.0041985675475426035,0.7434885556432518,0.9222553968429565
0.0041985675475426035,0.7438831886345698,0.9221900701522827
0.004247962459866634,0.7438831886345698,0.9219184517860413
0.004247962459866634,0.744277821625888,0.9219030737876892
0.004346752284514695,0.744277821625888,0.9216871857643127
0.004346752284514695,0.744672454617206,0.9215638041496277
0.004445542109162756,0.744672454617206,0.9212274551391602
0.004445542109162756,0.745067087608524,0.9212145209312439
0.004544331933810817,0.745067087608524,0.9205546975135803
0.004544331933810817,0.7478295185477506,0.919748842716217
0.004593726846134848,0.7478295185477506,0.9194728136062622
0.004593726846134848,0.749802683504341,0.9185351133346558
0.004643121758458879,0.749802683504341,0.9185325503349304
0.004643121758458879,0.750197316495659,0.9182618856430054
0.004692516670782909,0.750197316495659,0.9181685447692871
0.004692516670782909,0.7505919494869772,0.9181011915206909
0.004840701407755001,0.7505919494869772,0.9175518751144409
0.004840701407755001,0.7509865824782952,0.9173575043678284
0.004939491232403063,0.7509865824782952,0.9166641235351562
0.004939491232403063,0.7513812154696132,0.9164921641349792
0.004988886144727093,0.7513812154696132,0.916485071182251
0.004988886144727093,0.7533543804262036,0.9159423112869263
0.005038281057051124,0.7533543804262036,0.9154511094093323
0.005038281057051124,0.7537490134175217,0.9152699112892151
0.005137070881699185,0.7537490134175217,0.9150921106338501
0.005137070881699185,0.7616416732438832,0.9127568602561951
0.0052358607063472465,0.7616416732438832,0.9124850034713745
0.0052358607063472465,0.7632202052091555,0.9119476675987244
0.0052852556186712765,0.7632202052091555,0.9119064211845398
0.0052852556186712765,0.7636148382004736,0.9118406176567078
0.005384045443319338,0.7636148382004736,0.9114912748336792
0.005384045443319338,0.7647987371744278,0.9107159376144409
0.005482835267967399,0.7647987371744278,0.910478413105011
0.005482835267967399,0.7655880031570639,0.9100871086120605
0.00558162509261546,0.7655880031570639,0.9094744920730591
0.00558162509261546,0.7663772691397001,0.9088112711906433
0.005631020004939491,0.7663772691397001,0.9088039994239807
0.005631020004939491,0.7683504340962904,0.9082344770431519
0.005729809829587552,0.7683504340962904,0.9077829718589783
0.005729809829587552,0.7695343330702447,0.9074391722679138
0.005779204741911583,0.7695343330702447,0.907394289970398
0.005779204741911583,0.7699289660615627,0.9073265790939331
0.005927389478883675,0.7699289660615627,0.9058645367622375
0.005927389478883675,0.7703235990528808,0.9057168364524841
0.005976784391207706,0.7703235990528808,0.9054548144340515
0.005976784391207706,0.771112865035517,0.904942512512207
0.006026179303531737,0.771112865035517,0.904728353023529
0.006026179303531737,0.771507498026835,0.9045300483703613
0.006075574215855767,0.771507498026835,0.9043856263160706
0.006075574215855767,0.7734806629834254,0.9037489891052246
0.006124969128179798,0.7734806629834254,0.9036110639572144
0.006124969128179798,0.7746645619573796,0.9027695059776306
0.0061743640405038285,0.7746645619573796,0.9025056958198547
0.0061743640405038285,0.7758484609313339,0.9022349715232849
0.006273153865151889,0.7758484609313339,0.9014450907707214
0.006273153865151889,0.7762430939226519,0.9013670086860657
0.00632254877747592,0.7762430939226519,0.9013098478317261
0.00632254877747592,0.77663772691397,0.9012361764907837
0.00637194368979995,0.77663772691397,0.9011063575744629
0.00637194368979995,0.7817679558011049,0.8998247385025024
0.006470733514448012,0.7817679558011049,0.8993198275566101
0.006470733514448012,0.7825572217837411,0.8991175889968872
0.006520128426772042,0.7825572217837411,0.8990095853805542
0.006520128426772042,0.7829518547750592,0.8988937735557556
0.006569523339096073,0.7829518547750592,0.8985583186149597
0.006569523339096073,0.7833464877663773,0.8984273672103882
0.006767102988392196,0.7833464877663773,0.8973903059959412
0.006767102988392196,0.7841357537490135,0.8965404629707336
0.006816497900716226,0.7841357537490135,0.8958918452262878
0.006816497900716226,0.7845303867403315,0.8955588340759277
0.006865892813040257,0.7845303867403315,0.8954976201057434
0.006865892813040257,0.7849250197316495,0.8951416611671448
0.006915287725364288,0.7849250197316495,0.8951392769813538
0.006915287725364288,0.7853196527229677,0.8948395252227783
0.006964682637688318,0.7853196527229677,0.8939762115478516
0.006964682637688318,0.7857142857142857,0.8938953280448914
0.0071622622869844405,0.7857142857142857,0.8934600353240967
0.0071622622869844405,0.7861089187056038,0.8932183980941772
0.0072610521116325015,0.7861089187056038,0.8926929235458374
0.0072610521116325015,0.787292817679558,0.8918591737747192
0.007359841936280563,0.787292817679558,0.8912593722343445
0.007359841936280563,0.7876874506708761,0.8909472823143005
0.007409236848604593,0.7876874506708761,0.8908664584159851
0.007409236848604593,0.7884767166535123,0.8905448913574219
0.007557421585576686,0.7884767166535123,0.8899902105331421
0.007557421585576686,0.7888713496448303,0.8898115754127502
0.007656211410224747,0.7888713496448303,0.889522135257721
0.007656211410224747,0.7900552486187845,0.8891016244888306
0.007755001234872808,0.7900552486187845,0.8881922364234924
0.007755001234872808,0.7904498816101027,0.8879250288009644
0.007804396147196839,0.7904498816101027,0.8876125812530518
0.007804396147196839,0.7916337805840569,0.8872829079627991
0.00785379105952087,0.7916337805840569,0.8871477246284485
0.00785379105952087,0.7920284135753749,0.8870874643325806
0.0079031859718449,0.7920284135753749,0.8867677450180054
0.0079031859718449,0.7924230465666929,0.8866404294967651
0.008001975796492962,0.7924230465666929,0.8859720826148987
0.008001975796492962,0.7928176795580111,0.8859418630599976
0.008051370708816992,0.7928176795580111,0.885870099067688
0.008051370708816992,0.7955801104972375,0.8842387795448303
0.008150160533465053,0.7955801104972375,0.8837587237358093
0.008150160533465053,0.7963693764798737,0.8817321062088013
0.008347740182761175,0.7963693764798737,0.8803155422210693
0.008347740182761175,0.7967640094711917,0.8803122639656067
0.008397135095085207,0.7967640094711917,0.8801106810569763
0.008397135095085207,0.7975532754538279,0.8793290853500366
0.008446530007409237,0.7975532754538279,0.8793089985847473
0.008446530007409237,0.797947908445146,0.8792198896408081
0.008495924919733267,0.797947908445146,0.8792116045951843
0.008495924919733267,0.7987371744277821,0.8786497712135315
0.008594714744381329,0.7987371744277821,0.8784250020980835
0.008594714744381329,0.7995264404104183,0.8781636953353882
0.00879229439367745,0.7995264404104183,0.8771107196807861
0.00879229439367745,0.8003157063930545,0.8770652413368225
0.008841689306001483,0.8007103393843725,0.8770537972450256
0.008891084218325513,0.8007103393843725,0.8768842816352844
0.008891084218325513,0.8011049723756906,0.876776933670044
0.008989874042973574,0.8011049723756906,0.8764565587043762
0.008989874042973574,0.8018942383583267,0.8761011362075806
0.009088663867621635,0.8018942383583267,0.8758119344711304
0.009088663867621635,0.8022888713496449,0.8754663467407227
0.009236848604593726,0.8022888713496449,0.8751980662345886
0.009236848604593726,0.8026835043409629,0.875169038772583
0.009286243516917758,0.8026835043409629,0.8751592636108398
0.009286243516917758,0.8038674033149171,0.8745630979537964
0.009385033341565818,0.8038674033149171,0.8741766810417175
0.009385033341565818,0.8042620363062352,0.8740065097808838
0.009582612990861942,0.8042620363062352,0.8720483183860779
0.009582612990861942,0.8046566692975533,0.8719550967216492
0.009632007903185972,0.8046566692975533,0.8718445897102356
0.009632007903185972,0.8050513022888713,0.8717287182807922
0.009730797727834034,0.8050513022888713,0.8707873225212097
0.009730797727834034,0.8062352012628256,0.8702657222747803
0.009928377377130156,0.8062352012628256,0.8695204257965088
0.009928377377130156,0.8066298342541437,0.8693774938583374
0.010027167201778217,0.8066298342541437,0.8684972524642944
0.010027167201778217,0.8070244672454617,0.8680267333984375
0.010076562114102247,0.8070244672454617,0.8677055835723877
0.010076562114102247,0.8074191002367798,0.8676926493644714
0.01017535193875031,0.8074191002367798,0.8669480085372925
0.01017535193875031,0.8078137332280979,0.8668169379234314
0.01022474685107434,0.8078137332280979,0.8664663434028625
0.01022474685107434,0.808602999210734,0.8660702109336853
0.010422326500370461,0.808602999210734,0.8653119802474976
0.010422326500370461,0.8089976322020521,0.8652319312095642
0.010471721412694493,0.8089976322020521,0.8651865124702454
0.010471721412694493,0.8101815311760063,0.8643782734870911
0.010570511237342553,0.8101815311760063,0.8638219833374023
0.010570511237342553,0.8105761641673244,0.8632133603096008
0.010669301061990615,0.8105761641673244,0.8625376224517822
0.010669301061990615,0.8113654301499605,0.862329363822937
0.010718695974314645,0.8113654301499605,0.8623177409172058
0.010718695974314645,0.8117600631412786,0.8621845245361328
0.010768090886638677,0.8117600631412786,0.8621193766593933
0.010768090886638677,0.8125493291239148,0.8617275357246399
0.010866880711286737,0.8125493291239148,0.8610593676567078
0.010866880711286737,0.8129439621152328,0.8608603477478027
0.010916275623610769,0.8129439621152328,0.8607010841369629
0.010916275623610769,0.8133385951065509,0.8604129552841187
0.01116325018523092,0.8133385951065509,0.8596329092979431
0.01116325018523092,0.8145224940805051,0.8588586449623108
0.011262040009878982,0.8145224940805051,0.8572564125061035
0.011262040009878982,0.8161010260457774,0.856561005115509
0.011311434922203012,0.8161010260457774,0.8564894795417786
0.011311434922203012,0.8168902920284136,0.8562438488006592
0.011360829834527044,0.8168902920284136,0.856137752532959
0.011360829834527044,0.8184688239936859,0.8548348546028137
0.011509014571499136,0.8184688239936859,0.8545413017272949
0.011509014571499136,0.8196527229676401,0.8532699942588806
0.01180538404544332,0.8196527229676401,0.8521568179130554
0.01180538404544332,0.8208366219415943,0.8516714572906494
0.01185477895776735,0.8208366219415943,0.8515505790710449
0.01185477895776735,0.8212312549329124,0.8513479232788086
0.011904173870091381,0.8212312549329124,0.8512715697288513
0.011904173870091381,0.8216258879242304,0.8510985970497131
0.011953568782415411,0.8216258879242304,0.8510118722915649
0.011953568782415411,0.8232044198895028,0.8499434590339661
0.012052358607063473,0.8232044198895028,0.8498954176902771
0.012052358607063473,0.8235990528808208,0.8496379256248474
0.012101753519387503,0.8235990528808208,0.8492597937583923
0.012101753519387503,0.823993685872139,0.8491845726966858
0.012151148431711533,0.823993685872139,0.8491357564926147
0.012151148431711533,0.824388318863457,0.8487964868545532
0.012249938256359595,0.824388318863457,0.848225474357605
0.012249938256359595,0.824782951854775,0.8475010991096497
0.012299333168683625,0.824782951854775,0.8469922542572021
0.012299333168683625,0.8251775848460932,0.8465599417686462
0.012447517905655717,0.8251775848460932,0.8462164402008057
0.012447517905655717,0.8259668508287292,0.8459740281105042
0.012496912817979749,0.8259668508287292,0.8457607626914978
0.012496912817979749,0.8263614838200474,0.8456874489784241
0.012546307730303779,0.8263614838200474,0.845579206943512
0.012546307730303779,0.8267561168113654,0.8454263806343079
0.012595702642627809,0.8267561168113654,0.8454140424728394
0.012595702642627809,0.8271507498026835,0.8449214100837708
0.01264509755495184,0.8271507498026835,0.8449139595031738
0.01264509755495184,0.8283346487766378,0.8442727327346802
0.01269449246727587,0.8283346487766378,0.8440150022506714
0.01269449246727587,0.8287292817679558,0.8439564108848572
0.0127438873795999,0.8287292817679558,0.8427190184593201
0.0127438873795999,0.8303078137332282,0.8414624929428101
0.012793282291923933,0.8303078137332282,0.8414188027381897
0.012793282291923933,0.8307024467245462,0.8410757184028625
0.012842677204247963,0.8307024467245462,0.8408721089363098
0.012842677204247963,0.8310970797158642,0.8404707908630371
0.012990861941220054,0.8310970797158642,0.8397995233535767
0.012990861941220054,0.8314917127071824,0.839289665222168
0.013237836502840208,0.8314917127071824,0.8381617665290833
0.013237836502840208,0.8326756116811366,0.8376755118370056
0.013287231415164238,0.8326756116811366,0.8374322056770325
0.013287231415164238,0.8330702446724546,0.8374085426330566
0.013287231415164238,0.8338595106550908,0.836710512638092
0.0133860212398123,0.8338595106550908,0.8360775113105774
0.0133860212398123,0.834648776637727,0.835663378238678
0.01348481106446036,0.834648776637727,0.834534764289856
0.01348481106446036,0.8366219415943172,0.8336753249168396
0.013682390713756484,0.8366219415943172,0.8329334855079651
0.013682390713756484,0.8370165745856354,0.8328195214271545
0.013781180538404544,0.8370165745856354,0.831850528717041
0.013781180538404544,0.8378058405682715,0.8312762379646301
0.014028155100024697,0.8378058405682715,0.830915093421936
0.014028155100024697,0.8382004735595896,0.8305570483207703
0.01422573474932082,0.8382004735595896,0.8300068974494934
0.01422573474932082,0.8385951065509076,0.8298681974411011
0.014324524573968881,0.8385951065509076,0.8292474150657654
0.014324524573968881,0.8393843725335438,0.8290550112724304
0.014423314398616943,0.8393843725335438,0.8284235000610352
0.014423314398616943,0.84017363851618,0.8278998136520386
0.014620894047913065,0.84017363851618,0.8273192644119263
0.014620894047913065,0.840568271507498,0.8269458413124084
0.014719683872561127,0.840568271507498,0.8268895745277405
0.014719683872561127,0.840962904498816,0.8267129063606262
0.014769078784885157,0.840962904498816,0.826474666595459
0.014769078784885157,0.8413575374901342,0.8263017535209656
0.01501605334650531,0.8413575374901342,0.8239970207214355
0.01501605334650531,0.8425414364640884,0.8228789567947388
0.01506544825882934,0.8425414364640884,0.8228630423545837
0.01506544825882934,0.8429360694554064,0.8220140933990479
0.015114843171153372,0.8429360694554064,0.8219326138496399
0.015114843171153372,0.8437253354380426,0.8216729760169983
0.015164238083477402,0.8437253354380426,0.8216422200202942
0.015164238083477402,0.8441199684293607,0.8215839862823486
0.015213632995801432,0.8441199684293607,0.8214080929756165
0.015213632995801432,0.8445146014206788,0.8213935494422913
0.015361817732773524,0.8445146014206788,0.8205812573432922
0.015361817732773524,0.845698500394633,0.8199455738067627
0.015460607557421586,0.845698500394633,0.8196713328361511
0.015460607557421586,0.846093133385951,0.8196590542793274
0.015510002469745616,0.846093133385951,0.8193097114562988
0.015510002469745616,0.8472770323599053,0.818841278553009
0.015559397382069648,0.8472770323599053,0.8183117508888245
0.015559397382069648,0.8484609313338595,0.8176640868186951
0.015608792294393678,0.8484609313338595,0.8172003626823425
0.015608792294393678,0.8492501973164956,0.81678307056427
0.01570758211904174,0.8492501973164956,0.816042959690094
0.01570758211904174,0.8500394632991318,0.8153301477432251
0.01585576685601383,0.8500394632991318,0.8149945139884949
0.01585576685601383,0.850828729281768,0.8148444890975952
0.015954556680661893,0.850828729281768,0.8143369555473328
0.015954556680661893,0.8520126282557222,0.8132463693618774
0.016003951592985923,0.8520126282557222,0.8129764199256897
0.016003951592985923,0.8524072612470402,0.8122837543487549
0.016102741417633983,0.8524072612470402,0.8118239641189575
0.016102741417633983,0.8535911602209945,0.8113367557525635
0.016152136329958013,0.8535911602209945,0.8113124966621399
0.016152136329958013,0.8539857932123125,0.8108001351356506
0.016201531242282043,0.8539857932123125,0.8104960322380066
0.016201531242282043,0.8543804262036306,0.8104264736175537
0.016399110891578167,0.8543804262036306,0.8089094758033752
0.016399110891578167,0.8547750591949487,0.8081287145614624
0.016448505803902197,0.8547750591949487,0.8080625534057617
0.016448505803902197,0.8551696921862668,0.8076876401901245
0.016497900716226227,0.8551696921862668,0.8076123595237732
0.016497900716226227,0.8555643251775849,0.8074256777763367
0.01664608545319832,0.8555643251775849,0.806778073310852
0.01664608545319832,0.8559589581689029,0.8066889047622681
0.01669548036552235,0.8559589581689029,0.8060749173164368
0.01669548036552235,0.8567482241515391,0.8055937886238098
0.016794270190170414,0.8567482241515391,0.8054752349853516
0.016794270190170414,0.8571428571428571,0.8051893711090088
0.016893060014818474,0.8571428571428571,0.8048022985458374
0.016893060014818474,0.8575374901341752,0.8047667741775513
0.016991849839466534,0.8575374901341752,0.8044421076774597
0.016991849839466534,0.8583267561168114,0.8038952946662903
0.01743640405038281,0.8583267561168114,0.8014654517173767
0.01743640405038281,0.8587213891081295,0.8013375401496887
0.017732773524326995,0.8587213891081295,0.8003157377243042
0.017732773524326995,0.8591160220994475,0.800227701663971
0.01797974808594715,0.8591160220994475,0.7988298535346985
0.01797974808594715,0.8599052880820837,0.7986100316047668
0.01807853791059521,0.8599052880820837,0.7980314493179321
0.01807853791059521,0.8602999210734017,0.7980250716209412
0.01812793282291924,0.8602999210734017,0.7974393367767334
0.01812793282291924,0.8606945540647198,0.7974182367324829
0.018473697209187453,0.8606945540647198,0.7958186268806458
0.018473697209187453,0.8614838200473559,0.7950655817985535
0.018523092121511483,0.8614838200473559,0.7944705486297607
0.018523092121511483,0.861878453038674,0.7939164042472839
0.018572487033835516,0.861878453038674,0.7937983870506287
0.018572487033835516,0.8622730860299921,0.7934978604316711
0.018770066683131637,0.8622730860299921,0.792555570602417
0.018770066683131637,0.8630623520126283,0.7922014594078064
0.018819461595455667,0.8630623520126283,0.7921113967895508
0.018819461595455667,0.8634569850039463,0.7919082641601562
0.01896764633242776,0.8634569850039463,0.7913618087768555
0.01896764633242776,0.8642462509865825,0.7911700010299683
0.01901704124475179,0.8642462509865825,0.7911688089370728
0.01901704124475179,0.8646408839779005,0.7911292910575867
0.01906643615707582,0.8646408839779005,0.7910539507865906
0.01906643615707582,0.8650355169692187,0.7906380295753479
0.01911583106939985,0.8650355169692187,0.790543258190155
0.01911583106939985,0.8654301499605367,0.7897470593452454
0.019214620894047914,0.8654301499605367,0.7894869446754456
0.019214620894047914,0.8662194159431729,0.7892577648162842
0.019362805631020004,0.8662194159431729,0.788076639175415
0.019362805631020004,0.8666140489344909,0.7879238128662109
0.019461595455668067,0.8666140489344909,0.7877911329269409
0.019461595455668067,0.8685872138910813,0.7854540944099426
0.019609780192640158,0.8685872138910813,0.7847932577133179
0.019609780192640158,0.8705603788476717,0.7830577492713928
0.019708570017288218,0.8705603788476717,0.7815113067626953
0.019708570017288218,0.8709550118389897,0.7814901471138
0.0200049394912324,0.8709550118389897,0.7805530428886414
0.0200049394912324,0.8717442778216259,0.7801036238670349
0.020054334403556435,0.8717442778216259,0.7800382971763611
0.020054334403556435,0.8721389108129439,0.7793291807174683
0.020202519140528525,0.8721389108129439,0.7777622938156128
0.020202519140528525,0.8729281767955801,0.7775231003761292
0.020251914052852555,0.8729281767955801,0.7772259712219238
0.020251914052852555,0.8737174427782163,0.7768374681472778
0.02040009878982465,0.8737174427782163,0.7767455577850342
0.02040009878982465,0.8741120757695343,0.7764911651611328
0.02049888861447271,0.8741120757695343,0.7761093974113464
0.02049888861447271,0.8749013417521705,0.7759426832199097
0.02054828352679674,0.8749013417521705,0.7756286263465881
0.02054828352679674,0.8752959747434885,0.775211751461029
0.020597678439120772,0.8752959747434885,0.7749513387680054
0.020597678439120772,0.8760852407261247,0.7742080092430115
0.020647073351444802,0.8760852407261247,0.774035632610321
0.020647073351444802,0.8764798737174427,0.7737994194030762
0.020696468263768832,0.8764798737174427,0.7736225128173828
0.020696468263768832,0.8768745067087609,0.7734789252281189
0.020844653000740922,0.8768745067087609,0.7724201679229736
0.020844653000740922,0.877663772691397,0.7723321318626404
0.021091627562361076,0.877663772691397,0.7708105444908142
0.021091627562361076,0.8780584056827151,0.7707952857017517
0.021141022474685106,0.8780584056827151,0.7704583406448364
0.021141022474685106,0.8784530386740331,0.7699856758117676
0.02123981229933317,0.8784530386740331,0.7698220014572144
0.02123981229933317,0.8788476716653513,0.7696502208709717
0.02143739194862929,0.8788476716653513,0.7691456079483032
0.02143739194862929,0.8792423046566693,0.7684341669082642
0.021536181773277353,0.8792423046566693,0.7678959369659424
0.021536181773277353,0.8796369376479873,0.7677502632141113
0.021733761422573473,0.8796369376479873,0.7653019428253174
0.021733761422573473,0.8812154696132597,0.7643733024597168
0.021783156334897507,0.8812154696132597,0.7640330791473389
0.021783156334897507,0.8827940015785319,0.7634941339492798
0.021881946159545567,0.8827940015785319,0.762512743473053
0.021881946159545567,0.8831886345698501,0.7619714140892029
0.021931341071869597,0.8831886345698501,0.76118403673172
0.021931341071869597,0.8839779005524862,0.7602244019508362
0.021980735984193627,0.8839779005524862,0.7593180537223816
0.021980735984193627,0.8843725335438043,0.7588179111480713
0.022030130896517657,0.8843725335438043,0.7585813999176025
0.022030130896517657,0.8847671665351223,0.7582648396492004
0.02212892072116572,0.8847671665351223,0.7579442858695984
0.02212892072116572,0.8851617995264404,0.7576201558113098
0.02232650037046184,0.8851617995264404,0.7570003867149353
0.02232650037046184,0.8859510655090765,0.7560510039329529
0.022425290195109904,0.8859510655090765,0.7557628154754639
0.022425290195109904,0.8863456985003947,0.7553563117980957
0.02291923931835021,0.8863456985003947,0.7524373531341553
0.02291923931835021,0.8875295974743489,0.752201497554779
0.023067424055322302,0.8875295974743489,0.7517508268356323
0.023067424055322302,0.8879242304656669,0.7513871192932129
0.023314398616942456,0.8879242304656669,0.7499876618385315
0.023314398616942456,0.8887134964483031,0.7498152852058411
0.023413188441590516,0.8887134964483031,0.7494298219680786
0.023413188441590516,0.8895027624309392,0.7490846514701843
0.02351197826623858,0.8895027624309392,0.7475622296333313
0.02351197826623858,0.8898973954222573,0.747360110282898
0.02361076809088664,0.8898973954222573,0.7464917898178101
0.02361076809088664,0.8902920284135754,0.7463950514793396
0.02366016300321067,0.8902920284135754,0.7463551759719849
0.02366016300321067,0.8914759273875296,0.7445690631866455
0.02375895282785873,0.8914759273875296,0.743976891040802
0.02375895282785873,0.8918705603788477,0.7435234189033508
0.023857742652506793,0.8918705603788477,0.743070125579834
0.023857742652506793,0.8922651933701657,0.7429174184799194
0.024104717214126947,0.8922651933701657,0.7419466972351074
0.024104717214126947,0.8926598263614838,0.7419262528419495
0.02440108668807113,0.8926598263614838,0.7403908967971802
0.02440108668807113,0.8942383583267561,0.739560067653656
0.02445048160039516,0.8942383583267561,0.7393720746040344
0.02445048160039516,0.8950276243093923,0.738437831401825
0.02464806124969128,0.8950276243093923,0.7374500036239624
0.02464806124969128,0.8954222573007103,0.7373743653297424
0.025043220548283528,0.8954222573007103,0.7344030141830444
0.025043220548283528,0.8962115232833465,0.7342383861541748
0.025142010372931588,0.8962115232833465,0.7336645126342773
0.025142010372931588,0.8970007892659826,0.7334083318710327
0.025240800197579648,0.8970007892659826,0.7328429222106934
0.025240800197579648,0.8973954222573007,0.7327941656112671
0.025685354408495925,0.8973954222573007,0.7308349013328552
0.025685354408495925,0.8977900552486188,0.7304465174674988
0.025833539145468015,0.8977900552486188,0.7298133373260498
0.025833539145468015,0.8981846882399369,0.7297430634498596
0.02593232897011608,0.8981846882399369,0.7293607592582703
0.02593232897011608,0.898973954222573,0.7290425896644592
0.0261299086194122,0.898973954222573,0.7286186218261719
0.0261299086194122,0.8993685872138911,0.728097140789032
0.026426278093356383,0.8993685872138911,0.7264472842216492
0.026426278093356383,0.9001578531965272,0.7262673377990723
0.02687083230427266,0.9001578531965272,0.7234619855880737
0.02687083230427266,0.9009471191791634,0.7231293320655823
0.02696962212892072,0.9009471191791634,0.7219645977020264
0.02696962212892072,0.9013417521704814,0.7211533784866333
0.027167201778216844,0.9013417521704814,0.719718873500824
0.027167201778216844,0.9017363851617995,0.7195608019828796
0.027315386515188937,0.9017363851617995,0.7187886834144592
0.027315386515188937,0.9021310181531176,0.7187528014183044
0.027414176339836997,0.9021310181531176,0.718455970287323
0.027414176339836997,0.9025256511444357,0.7183793783187866
0.02775994072610521,0.9025256511444357,0.7169003486633301
0.02775994072610521,0.9029202841357538,0.7168739438056946
0.027957520375401335,0.9029202841357538,0.7161968946456909
0.027957520375401335,0.9037095501183899,0.7159976363182068
0.028056310200049395,0.9037095501183899,0.7156426906585693
0.028056310200049395,0.904104183109708,0.7156217098236084
0.028155100024697455,0.904104183109708,0.7150676846504211
0.028155100024697455,0.904498816101026,0.714996874332428
0.028500864410965672,0.904498816101026,0.7131125926971436
0.028500864410965672,0.9048934490923441,0.7130823135375977
0.028797233884909856,0.9048934490923441,0.7119428515434265
0.028797233884909856,0.9052880820836622,0.7119113206863403
0.028994813534205976,0.9052880820836622,0.7112841010093689
0.028994813534205976,0.9056827150749802,0.7104471921920776
0.02914299827117807,0.9056827150749802,0.7098326086997986
0.02914299827117807,0.9060773480662984,0.7091471552848816
0.029686342306742407,0.9060773480662984,0.7036768198013306
0.029686342306742407,0.9064719810576164,0.7034056186676025
0.029834527043714497,0.9064719810576164,0.7026270627975464
0.029834527043714497,0.9068666140489345,0.7026077508926392
0.030229686342306744,0.9068666140489345,0.7004563808441162
0.030229686342306744,0.9072612470402526,0.7004464268684387
0.030279081254630774,0.9072612470402526,0.700351357460022
0.030279081254630774,0.9084451460142068,0.6970239877700806
0.030328476166954804,0.9084451460142068,0.6967036724090576
0.030328476166954804,0.9088397790055248,0.6962710618972778
0.0309706100271672,0.9088397790055248,0.6929857134819031
0.0309706100271672,0.909234411996843,0.6928653717041016
0.031118794764139295,0.909234411996843,0.6926481127738953
0.031118794764139295,0.909629044988161,0.6925578713417053
0.03131637441343542,0.909629044988161,0.6916550993919373
0.03131637441343542,0.9100236779794791,0.6912569403648376
0.03136576932575945,0.9100236779794791,0.6910552978515625
0.03136576932575945,0.9104183109707972,0.6908287405967712
0.032205482835267966,0.9104183109707972,0.6867903470993042
0.032205482835267966,0.9108129439621152,0.6867777705192566
0.03230427265991603,0.9108129439621152,0.6865074038505554
0.03230427265991603,0.9119968429360694,0.6853893399238586
0.03235366757224006,0.9119968429360694,0.6850364208221436
0.03235366757224006,0.9123914759273876,0.6835055947303772
0.032748826870832304,0.9123914759273876,0.6820478439331055
0.032748826870832304,0.9135753749013418,0.6807750463485718
0.03304519634477649,0.9135753749013418,0.6790777444839478
0.03304519634477649,0.9139700078926598,0.6789276003837585
0.03309459125710052,0.9139700078926598,0.6788078546524048
0.03309459125710052,0.914759273875296,0.6786287426948547
0.03314398616942455,0.914759273875296,0.6783010959625244
0.03314398616942455,0.915153906866614,0.6777237057685852
0.0333909607310447,0.915153906866614,0.6764800548553467
0.0333909607310447,0.9155485398579322,0.6763973236083984
0.03353914546801679,0.9155485398579322,0.6750420928001404
0.03353914546801679,0.9159431728492502,0.6749876141548157
0.03373672511731292,0.9159431728492502,0.6731364130973816
0.03373672511731292,0.9163378058405682,0.6728942394256592
0.03393430476660904,0.9163378058405682,0.672176718711853
0.03393430476660904,0.9171270718232044,0.6716594099998474
0.03408248950358113,0.9171270718232044,0.6703174114227295
0.03408248950358113,0.9175217048145224,0.6699339151382446
0.034181279328229196,0.9175217048145224,0.669205367565155
0.034181279328229196,0.9179163378058406,0.6690963506698608
0.034230674240553226,0.9179163378058406,0.6689587235450745
0.034230674240553226,0.9183109707971586,0.6676713824272156
0.034378858977525316,0.9183109707971586,0.6672322154045105
0.034378858977525316,0.9187056037884768,0.6670845150947571
0.034527043714497406,0.9187056037884768,0.6666133403778076
0.034527043714497406,0.9191002367797948,0.6663215160369873
0.034625833539145466,0.9191002367797948,0.665360152721405
0.034625833539145466,0.9194948697711128,0.6651479601860046
0.03477401827611756,0.9194948697711128,0.6635189652442932
0.03477401827611756,0.919889502762431,0.6633284687995911
0.03487280810076562,0.919889502762431,0.6627114415168762
0.03487280810076562,0.920284135753749,0.6626370549201965
0.03546554704865399,0.920284135753749,0.6597317457199097
0.03546554704865399,0.920678768745067,0.6596015691757202
0.03556433687330205,0.920678768745067,0.6587986946105957
0.03556433687330205,0.9210734017363852,0.6583831906318665
0.03566312669795011,0.9210734017363852,0.6576622128486633
0.03566312669795011,0.9222573007103394,0.656681478023529
0.0359594961718943,0.9222573007103394,0.6563425660133362
0.0359594961718943,0.9226519337016574,0.6559867858886719
0.03640405038281057,0.9226519337016574,0.6525232791900635
0.03640405038281057,0.9230465666929756,0.6523980498313904
0.03650284020745863,0.9230465666929756,0.6518394351005554
0.03650284020745863,0.9234411996842936,0.6517312526702881
0.036651024944430725,0.9234411996842936,0.6514768004417419
0.036651024944430725,0.9238358326756116,0.65140700340271
0.036848604593726846,0.9238358326756116,0.6499557495117188
0.036848604593726846,0.9242304656669298,0.6498737931251526
0.036897999506050876,0.9242304656669298,0.6495565176010132
0.036897999506050876,0.9246250986582478,0.6478250026702881
0.03719436897999506,0.9246250986582478,0.6449508666992188
0.03719436897999506,0.9250197316495659,0.644121527671814
0.03783650284020746,0.9250197316495659,0.6398317217826843
0.03783650284020746,0.925808997632202,0.6383549571037292
0.03793529266485552,0.925808997632202,0.6375270485877991
0.03793529266485552,0.9262036306235202,0.6374667286872864
0.03803408248950358,0.9262036306235202,0.6368333101272583
0.03803408248950358,0.9269928966061562,0.6362884640693665
0.03828105705112374,0.9269928966061562,0.6356920599937439
0.03828105705112374,0.9273875295974744,0.6356133222579956
0.03833045196344777,0.9273875295974744,0.6351000666618347
0.03833045196344777,0.9277821625887924,0.6349103450775146
0.03852803161274389,0.9277821625887924,0.6338370442390442
0.03852803161274389,0.9281767955801105,0.6335440874099731
0.03882440108668807,0.9281767955801105,0.6319857239723206
0.03882440108668807,0.9285714285714286,0.6318719983100891
0.038972585823660165,0.9285714285714286,0.6314449906349182
0.038972585823660165,0.9293606945540647,0.6296337842941284
0.039120770560632255,0.9293606945540647,0.6290167570114136
0.039120770560632255,0.9301499605367008,0.6286039352416992
0.039367745122252405,0.9301499605367008,0.6275909543037415
0.039367745122252405,0.930544593528019,0.6266812086105347
0.04005927389478884,0.930544593528019,0.6244150400161743
0.04005927389478884,0.930939226519337,0.6239467859268188
0.04065201284267721,0.930939226519337,0.6200263500213623
0.04065201284267721,0.9317284925019732,0.6195858716964722
0.041689306001481845,0.9317284925019732,0.6139621734619141
0.041689306001481845,0.9321231254932912,0.6138536334037781
0.041738700913805875,0.9321231254932912,0.6128628253936768
0.041738700913805875,0.9325177584846093,0.6126046776771545
0.04183749073845394,0.9325177584846093,0.6106520891189575
0.04183749073845394,0.9337016574585635,0.6095883250236511
0.04188688565077797,0.9337016574585635,0.6083283424377441
0.04188688565077797,0.9340962904498816,0.6074973940849304
0.04277599407261052,0.9340962904498816,0.6026219129562378
0.04277599407261052,0.9348855564325178,0.6023291349411011
0.04282538898493455,0.9348855564325178,0.6023129820823669
0.04282538898493455,0.9352801894238358,0.6020738482475281
0.04302296863423068,0.9352801894238358,0.6008655428886414
0.04302296863423068,0.9356748224151539,0.6004907488822937
0.0432205482835268,0.9356748224151539,0.5997390151023865
0.0432205482835268,0.936069455406472,0.5996748208999634
0.04326994319585083,0.936069455406472,0.5995627045631409
0.04326994319585083,0.93646408839779,0.5993750095367432
0.043615707582119044,0.93646408839779,0.5975283980369568
0.043615707582119044,0.9376479873717443,0.5972016453742981
0.04455421091627562,0.9376479873717443,0.5904138088226318
0.04455421091627562,0.9380426203630624,0.5901628732681274
0.04470239565324772,0.9380426203630624,0.5897172689437866
0.04470239565324772,0.9384372533543804,0.589504599571228
0.04524573968881205,0.9384372533543804,0.586135745048523
0.04524573968881205,0.9388318863456985,0.5859748721122742
0.045887873549024454,0.9388318863456985,0.5821128487586975
0.045887873549024454,0.9392265193370166,0.5820944905281067
0.046184243022968634,0.9392265193370166,0.578357458114624
0.046184243022968634,0.9396211523283347,0.578170120716095
0.046283032847616694,0.9396211523283347,0.5764172077178955
0.046283032847616694,0.9400157853196527,0.5759826898574829
0.04697456162015312,0.9400157853196527,0.5701392889022827
0.04697456162015312,0.9404104183109708,0.5700757503509521
0.04702395653247716,0.9404104183109708,0.5697255730628967
0.04702395653247716,0.9408050513022889,0.5696580410003662
0.04722153618177328,0.9408050513022889,0.566627562046051
0.04722153618177328,0.9411996842936069,0.5661157965660095
0.04727093109409731,0.9411996842936069,0.5661138892173767
0.04727093109409731,0.941594317284925,0.5660070180892944
0.04746851074339343,0.941594317284925,0.5639760494232178
0.04746851074339343,0.9419889502762431,0.5628415942192078
0.047616695480365526,0.9419889502762431,0.5618928670883179
0.047616695480365526,0.9423835832675612,0.5613290667533875
0.048110644603605826,0.9423835832675612,0.5579344034194946
0.048110644603605826,0.9427782162588793,0.5568417310714722
0.048160039515929856,0.9427782162588793,0.5564749240875244
0.048160039515929856,0.9431728492501973,0.5562267899513245
0.04830822425290195,0.9431728492501973,0.5540387034416199
0.04830822425290195,0.9435674822415154,0.5539866089820862
0.04835761916522598,0.9435674822415154,0.5536676645278931
0.04835761916522598,0.9439621152328335,0.5527006387710571
0.04840701407755001,0.9439621152328335,0.5525598526000977
0.04840701407755001,0.9443567482241515,0.5515457987785339
0.04924672758705853,0.9443567482241515,0.5458069443702698
0.04924672758705853,0.9447513812154696,0.545532763004303
0.04934551741170659,0.9447513812154696,0.5453442931175232
0.04934551741170659,0.9451460142067877,0.5447678565979004
0.04939491232403063,0.9451460142067877,0.5443922877311707
0.04939491232403063,0.9455406471981057,0.5441946387290955
0.04969128179797481,0.9455406471981057,0.5410836338996887
0.04969128179797481,0.9459352801894239,0.5408568382263184
0.04979007162262287,0.9459352801894239,0.5405813455581665
0.04979007162262287,0.9463299131807419,0.5405770540237427
0.0498394665349469,0.9463299131807419,0.5403119921684265
0.0498394665349469,0.94672454617206,0.5402495265007019
0.050086441096567055,0.94672454617206,0.5391051769256592
0.050086441096567055,0.9471191791633781,0.5383148193359375
0.05053099530748333,0.9471191791633781,0.5364634990692139
0.05053099530748333,0.9475138121546961,0.5357757806777954
0.05072857495677945,0.9475138121546961,0.5346773266792297
0.05072857495677945,0.9479084451460142,0.5341796278953552
0.05092615460607557,0.9479084451460142,0.5327425003051758
0.05092615460607557,0.9483030781373323,0.5324493646621704
0.0511237342553717,0.9483030781373323,0.5316348671913147
0.0511237342553717,0.9486977111286503,0.5316290855407715
0.05122252408001976,0.9486977111286503,0.5283789038658142
0.05122252408001976,0.9490923441199685,0.5282909870147705
0.05132131390466782,0.9490923441199685,0.52801114320755
0.05142010372931588,0.9490923441199685,0.5278653502464294
0.051617683378612,0.9490923441199685,0.5261390209197998
0.051617683378612,0.9494869771112865,0.525955855846405
0.05191405285255619,0.9494869771112865,0.5243318676948547
0.05191405285255619,0.9498816101026045,0.5241395831108093
0.05196344776488022,0.9498816101026045,0.5240543484687805
0.05196344776488022,0.9502762430939227,0.5237991213798523
0.05211163250185231,0.9502762430939227,0.5231921076774597
0.05211163250185231,0.9506708760852407,0.5226459503173828
0.052408001975796495,0.9506708760852407,0.5214987397193909
0.052408001975796495,0.9510655090765588,0.5209354758262634
0.052506791800444555,0.9510655090765588,0.5203498005867004
0.052506791800444555,0.9514601420678769,0.5202171206474304
0.05300074092368486,0.9514601420678769,0.5168358683586121
0.05300074092368486,0.9518547750591949,0.5157129168510437
0.0535440849592492,0.9518547750591949,0.5119419693946838
0.0535440849592492,0.9522494080505131,0.511795699596405
0.05408742899481354,0.9522494080505131,0.5073110461235046
0.05408742899481354,0.9526440410418311,0.5068243145942688
0.05438379846875772,0.9526440410418311,0.5058325529098511
0.05438379846875772,0.9530386740331491,0.5053357481956482
0.05443319338108175,0.9530386740331491,0.5052023530006409
0.05443319338108175,0.9534333070244673,0.5045003890991211
0.05453198320572981,0.9534333070244673,0.5031670331954956
0.05453198320572981,0.9538279400157853,0.5031480193138123
0.05556927636453445,0.9538279400157853,0.49039337038993835
0.05556927636453445,0.9542225730071034,0.49023139476776123
0.05566806618918251,0.9542225730071034,0.4889936149120331
0.05566806618918251,0.9546172059984215,0.48899045586586
0.05576685601383057,0.9546172059984215,0.4886883497238159
0.05576685601383057,0.9550118389897395,0.4878684878349304
0.05631020004939491,0.9550118389897395,0.483323872089386
0.05631020004939491,0.9554064719810577,0.4827941954135895
0.05640898987404298,0.9554064719810577,0.48127201199531555
0.05640898987404298,0.9561957379636937,0.4805751144886017
0.05645838478636701,0.9561957379636937,0.48035916686058044
0.05645838478636701,0.9565903709550119,0.4802606999874115
0.05680414917263522,0.9565903709550119,0.47764796018600464
0.05680414917263522,0.9573796369376479,0.47684192657470703
0.057199308471227464,0.9573796369376479,0.47333550453186035
0.057199308471227464,0.9581689029202841,0.472120076417923
0.05784144233143986,0.9581689029202841,0.4655877947807312
0.05784144233143986,0.9585635359116023,0.4646296799182892
0.05789083724376389,0.9585635359116023,0.46333181858062744
0.05789083724376389,0.9589581689029203,0.46225735545158386
0.05808841689306001,0.9589581689029203,0.4609113037586212
0.05808841689306001,0.9593528018942383,0.4604019224643707
0.05818720671770808,0.9593528018942383,0.45977646112442017
0.05818720671770808,0.9597474348855565,0.459565132856369
0.05828599654235614,0.9597474348855565,0.4590058922767639
0.05828599654235614,0.9601420678768745,0.45856332778930664
0.05858236601630032,0.9601420678768745,0.4577876925468445
0.05858236601630032,0.9605367008681925,0.4577741026878357
0.06085453198320573,0.9605367008681925,0.43707501888275146
0.06085453198320573,0.9609313338595107,0.43622007966041565
0.06179303531736231,0.9609313338595107,0.4253237247467041
0.06179303531736231,0.9613259668508287,0.42528119683265686
0.06189182514201037,0.9613259668508287,0.424867182970047
0.06189182514201037,0.9617205998421468,0.4242556393146515
0.06213879970363052,0.9617205998421468,0.4214189052581787
0.06213879970363052,0.9621152328334649,0.42110416293144226
0.06253395900222278,0.9621152328334649,0.4189263582229614
0.06253395900222278,0.9625098658247829,0.4186761677265167
0.06287972338849099,0.9625098658247829,0.415576308965683
0.06287972338849099,0.9629044988161011,0.4144964814186096
0.06367004198567548,0.9629044988161011,0.40483739972114563
0.06367004198567548,0.9632991318074191,0.40465468168258667
0.0638676216349716,0.9632991318074191,0.4036325514316559
0.0638676216349716,0.9636937647987371,0.4035613238811493
0.06431217584588787,0.9636937647987371,0.4009120464324951
0.06431217584588787,0.9640883977900553,0.40073373913764954
0.06470733514448011,0.9640883977900553,0.3979242742061615
0.06470733514448011,0.9644830307813733,0.39723408222198486
0.06544825882934058,0.9644830307813733,0.39355701208114624
0.06544825882934058,0.9648776637726914,0.3922024965286255
0.06554704865398864,0.9648776637726914,0.3906969726085663
0.06554704865398864,0.9652722967640095,0.3898070752620697
0.06643615707582119,0.9652722967640095,0.3793054223060608
0.06643615707582119,0.9656669297553275,0.37914717197418213
0.06673252654976537,0.9656669297553275,0.3766297399997711
0.06673252654976537,0.9660615627466457,0.37559017539024353
0.06762163497159793,0.9660615627466457,0.3664872944355011
0.06762163497159793,0.9664561957379637,0.36633265018463135
0.06801679427019017,0.9664561957379637,0.3641342222690582
0.06801679427019017,0.9668508287292817,0.36378535628318787
0.06885650777969869,0.9668508287292817,0.3533954918384552
0.06885650777969869,0.9676400947119179,0.3513062298297882
0.06939985181526302,0.9676400947119179,0.3458403944969177
0.06939985181526302,0.968034727703236,0.3458211421966553
0.06964682637688319,0.968034727703236,0.34232890605926514
0.06964682637688319,0.9684293606945541,0.3422837257385254
0.07004198567547543,0.9684293606945541,0.33971893787384033
0.07004198567547543,0.9688239936858721,0.3395257294178009
0.07078290936033589,0.9688239936858721,0.3347756266593933
0.07078290936033589,0.9692186266771902,0.33466780185699463
0.0724129414670289,0.9692186266771902,0.31830063462257385
0.0724129414670289,0.9696132596685083,0.3181973993778229
0.0740429735737219,0.9696132596685083,0.3073526918888092
0.0740429735737219,0.9700078926598263,0.3073280453681946
0.07424055322301804,0.9700078926598263,0.30496057868003845
0.07424055322301804,0.9704025256511445,0.3040798008441925
0.07463571252161028,0.9704025256511445,0.29659441113471985
0.07463571252161028,0.9707971586424625,0.29594653844833374
0.07527784638182267,0.9707971586424625,0.2918473184108734
0.07527784638182267,0.9711917916337806,0.29168975353240967
0.07537663620647074,0.9711917916337806,0.2915802299976349
0.07537663620647074,0.9715864246250987,0.2912788391113281
0.0775994072610521,0.9715864246250987,0.2746400237083435
0.0775994072610521,0.9719810576164167,0.2741767168045044
0.07824154112126451,0.9719810576164167,0.2702803909778595
0.07824154112126451,0.9723756906077348,0.26960229873657227
0.07957520375401334,0.9723756906077348,0.261033833026886
0.07957520375401334,0.9727703235990529,0.2608959972858429
0.07982217831563349,0.9727703235990529,0.26024967432022095
0.07982217831563349,0.9731649565903709,0.26011839509010315
0.08041491726352186,0.9731649565903709,0.2553006708621979
0.08041491726352186,0.973559589581689,0.255106121301651
0.08046431217584589,0.973559589581689,0.254896342754364
0.08046431217584589,0.9739542225730071,0.2542937099933624
0.08051370708816992,0.9739542225730071,0.25429147481918335
0.08051370708816992,0.9743488555643252,0.25394126772880554
0.08115584094838231,0.9743488555643252,0.25153446197509766
0.08115584094838231,0.9747434885556433,0.251316100358963
0.08179797480859471,0.9747434885556433,0.24711397290229797
0.08179797480859471,0.9751381215469613,0.24591346085071564
0.08214373919486292,0.9751381215469613,0.2432895451784134
0.08214373919486292,0.9759273875295975,0.24296872317790985
0.08574956779451716,0.9759273875295975,0.22627905011177063
0.08574956779451716,0.9763220205209155,0.22607755661010742
0.08619412200543344,0.9763220205209155,0.22469450533390045
0.08619412200543344,0.9767166535122336,0.22440007328987122
0.08742899481353421,0.9767166535122336,0.2195977121591568
0.08742899481353421,0.9771112865035517,0.21926137804985046
0.08836749814769079,0.9771112865035517,0.21440985798835754
0.08836749814769079,0.9775059194948698,0.21427090466022491
0.08896023709557915,0.9775059194948698,0.21178001165390015
0.08896023709557915,0.9779005524861878,0.2115679383277893
0.08915781674487527,0.9779005524861878,0.21092192828655243
0.08915781674487527,0.9782951854775059,0.21090318262577057
0.09123240306248456,0.9782951854775059,0.20396974682807922
0.09123240306248456,0.978689818468824,0.2036931812763214
0.09217090639664115,0.978689818468824,0.199773371219635
0.09217090639664115,0.9790844514601421,0.19916997849941254
0.09824648061249691,0.9790844514601421,0.17775212228298187
0.09824648061249691,0.9794790844514601,0.17748190462589264
0.10180291429982712,0.9794790844514601,0.16534145176410675
0.10180291429982712,0.9798737174427782,0.16515624523162842
0.10442084465300074,0.9798737174427782,0.15706904232501984
0.10442084465300074,0.9802683504340963,0.15696269273757935
0.10590269202272166,0.9802683504340963,0.1536831259727478
0.10590269202272166,0.9806629834254144,0.15367035567760468
0.10693998518152631,0.9806629834254144,0.14980439841747284
0.10693998518152631,0.9814522494080505,0.14950188994407654
0.10916275623610767,0.9814522494080505,0.1455639898777008
0.10916275623610767,0.9818468823993686,0.14548484981060028
0.11005186465794023,0.9818468823993686,0.1428423821926117
0.11005186465794023,0.9822415153906867,0.14278413355350494
0.11173129167695728,0.9822415153906867,0.13954725861549377
0.11173129167695728,0.9826361483820047,0.13945963978767395
0.1130649543097061,0.9826361483820047,0.13746894896030426
0.1130649543097061,0.9830307813733228,0.13723024725914001
0.1211163250185231,0.9830307813733228,0.1208912655711174
0.1211163250185231,0.9834254143646409,0.12082181125879288
0.12210422326500371,0.9834254143646409,0.11854960769414902
0.12210422326500371,0.983820047355959,0.11849772185087204
0.12699431958508273,0.983820047355959,0.11015507578849792
0.1270931094097308,0.983820047355959,0.1101490706205368
0.13524326994319585,0.983820047355959,0.09727489203214645
0.13524326994319585,0.984214680347277,0.09722886979579926
0.13682390713756484,0.984214680347277,0.09540887922048569
0.13682390713756484,0.9846093133385951,0.09533575177192688
0.1450234625833539,0.9846093133385951,0.08581610023975372
0.14512225240800197,0.9846093133385951,0.08580304682254791
0.14620894047913066,0.9846093133385951,0.08461425453424454
0.14620894047913066,0.9850039463299132,0.08460580557584763
0.1505062978513213,0.9850039463299132,0.08089392632246017
0.1505062978513213,0.9853985793212312,0.0808856338262558
0.15174117065942208,0.9853985793212312,0.07983089983463287
0.15174117065942208,0.9857932123125493,0.0798080787062645
0.15406273153865152,0.9857932123125493,0.07761992514133453
0.15406273153865152,0.9861878453038674,0.07757759094238281
0.15559397382069648,0.9861878453038674,0.07624509185552597
0.15559397382069648,0.9865824782951855,0.0762229785323143
0.15584094838231663,0.9865824782951855,0.07608022540807724
0.15584094838231663,0.9869771112865036,0.07607099413871765
0.1602864904914794,0.9869771112865036,0.07223714888095856
0.1602864904914794,0.9873717442778216,0.07222545892000198
0.16329958014324525,0.9873717442778216,0.0699157565832138
0.16329958014324525,0.9877663772691397,0.06987950205802917
0.16591751049641887,0.9877663772691397,0.06862153112888336
0.16591751049641887,0.9881610102604578,0.0686163678765297
0.18122993331686837,0.9881610102604578,0.05940374359488487
0.18122993331686837,0.9885556432517758,0.0594029426574707
0.18636700419856755,0.9885556432517758,0.05716602876782417
0.18636700419856755,0.988950276243094,0.057151664048433304
0.18789824648061249,0.988950276243094,0.056542474776506424
0.18789824648061249,0.989344909234412,0.05647096410393715
0.18982464806124968,0.989344909234412,0.05545845255255699
0.18982464806124968,0.98973954222573,0.055442340672016144
0.19649296122499382,0.98973954222573,0.05285303667187691
0.19649296122499382,0.9901341752170482,0.05275091901421547
0.19990121017535195,0.9901341752170482,0.051066916435956955
0.19990121017535195,0.9905288082083662,0.05102802813053131
0.2002963694739442,0.9905288082083662,0.050875548273324966
0.2002963694739442,0.9909234411996843,0.05087196081876755
0.2006421338602124,0.9909234411996843,0.050790492445230484
0.2006421338602124,0.9913180741910024,0.050770118832588196
0.20207458631760927,0.9913180741910024,0.05024527758359909
0.20207458631760927,0.9917127071823204,0.05024004727602005
0.21476907878488516,0.9917127071823204,0.045526232570409775
0.21486786860953322,0.9917127071823204,0.045496951788663864
0.21891825142010374,0.9917127071823204,0.04414878040552139
0.21891825142010374,0.9921073401736386,0.04414360970258713
0.2190170412447518,0.9921073401736386,0.04410095140337944
0.2190170412447518,0.9925019731649566,0.044090259820222855
0.2267720424796246,0.9925019731649566,0.04094172269105911
0.2267720424796246,0.9928966061562746,0.040909551084041595
0.2295381575697703,0.9928966061562746,0.039950523525476456
0.2295381575697703,0.9932912391475928,0.039948586374521255
0.25808841689306,0.9932912391475928,0.03257439658045769
0.25808841689306,0.9936858721389108,0.03257167711853981
0.26668313163744134,0.9936858721389108,0.03064003400504589
0.26668313163744134,0.9940805051302289,0.030638866126537323
0.2834774018276118,0.9940805051302289,0.027470799162983894
0.28357619165225983,0.9940805051302289,0.027460062876343727
0.2895529760434675,0.9940805051302289,0.02651534415781498
0.2895529760434675,0.994475138121547,0.026506483554840088
0.2906890590269202,0.994475138121547,0.02636043168604374
0.2907878488515683,0.994475138121547,0.026352176442742348
0.2956285502593233,0.994475138121547,0.025561898946762085
0.2956285502593233,0.994869771112865,0.02552797645330429
0.30782909360335886,0.994869771112865,0.023445095866918564
0.30782909360335886,0.9952644041041832,0.023435812443494797
0.31133613237836505,0.9952644041041832,0.022941317409276962
0.31133613237836505,0.9956590370955012,0.02293807826936245
0.3122252408001976,0.9956590370955012,0.02283116616308689
0.3122252408001976,0.9960536700868192,0.022830544039607048
0.329068905902692,0.9960536700868192,0.020672572776675224
0.32916769572734006,0.9960536700868192,0.02066146954894066
0.35603852803161273,0.9960536700868192,0.017365800216794014
0.3561373178562608,0.9960536700868192,0.017355460673570633
0.35658187206717706,0.9960536700868192,0.01731075905263424
0.3566806618918251,0.9960536700868192,0.017302431166172028
0.36848604593726847,0.9960536700868192,0.016066592186689377
0.36848604593726847,0.9964483030781374,0.016064051538705826
0.37411706594220795,0.9964483030781374,0.015625054016709328
0.37411706594220795,0.9968429360694554,0.015616350807249546
0.3910595208693505,0.9968429360694554,0.014131066389381886
0.3910595208693505,0.9972375690607734,0.01412218064069748
0.40770560632254876,0.9972375690607734,0.012817202135920525
0.4078043961471968,0.9972375690607734,0.012816453352570534
0.43136576932575943,0.9972375690607734,0.011308357119560242
0.4314645591504075,0.9972375690607734,0.011307344771921635
0.45571746110150657,0.9972375690607734,0.010043536312878132
0.45581625092615463,0.9972375690607734,0.010041564702987671
0.46011360829834524,0.9972375690607734,0.009786661714315414
0.46011360829834524,0.9976322020520916,0.00978216715157032
0.4648555198814522,0.9976322020520916,0.009525027126073837
0.4649543097061003,0.9976322020520916,0.009524429216980934
0.533810817485799,0.9976322020520916,0.006537864450365305
0.533810817485799,0.9980268350434096,0.00653555803000927
0.5740676710298839,0.9980268350434096,0.005225352942943573
0.5741664608545319,0.9980268350434096,0.005221923813223839
0.5869103482341319,0.9980268350434096,0.004852814134210348
0.5869103482341319,0.9984214680347278,0.004851500038057566
0.5874536922696962,0.9984214680347278,0.004841777961701155
0.5874536922696962,0.9988161010260458,0.00484099704772234
0.6179303531736231,0.9988161010260458,0.004119636956602335
0.6180291429982712,0.9988161010260458,0.0041190325282514095
0.6549765374166461,0.9988161010260458,0.003356466768309474
0.6549765374166461,0.9992107340173638,0.0033559943549335003
0.6681155840948382,0.9992107340173638,0.0031312124338001013
0.6682143739194862,0.9992107340173638,0.0031305220909416676
0.6810570511237343,0.9992107340173638,0.002906596986576915
0.6811558409483823,0.9992107340173638,0.002904394641518593
0.824302296863423,0.9992107340173638,0.001220820820890367
0.8244010866880711,0.9992107340173638,0.0012202999787405133
0.8486045937268462,0.9992107340173638,0.0010435963049530983
0.8487527784638182,0.9992107340173638,0.0010435116710141301
0.8814522104223265,0.9992107340173638,0.0007967204437591136
0.8815510002469745,0.9992107340173638,0.0007963948301039636
0.9165719930847123,0.9992107340173638,0.000557330553419888
0.9167201778216844,0.9992107340173638,0.0005570838693529367
0.9399851815263028,0.9992107340173638,0.00040566196548752487
0.9399851815263028,0.999605367008682,0.0004055258468724787
0.9872561126204001,0.999605367008682,0.00011763505608541891
0.9872561126204001,1.0,0.00011756912135751918
1.0,1.0,8.770442946115509e-06
