Co_Ref,Prospect_Renewal_Date,Call_Date
AD1657,2026-02-18,2026-01-06
AD1657,2026-02-18,2026-01-07
AD1657,2026-02-18,2026-01-09
AD1657,2026-02-18,2026-01-12
AD1657,2026-02-18,2026-01-14
AD1657,2026-02-18,2026-01-20
AD1657,2026-02-18,2026-01-22
AD1657,2026-02-18,2026-01-30
AD1657,2026-02-18,2026-02-03
DK1892,2024-09-30,2024-09-04
DK1892,2024-09-30,2024-09-06
DK1892,2024-09-30,2024-09-11
DK1892,2024-09-30,2024-09-13
DK1892,2025-09-30,2025-09-02
DK1892,2025-09-30,2025-09-11
DM5839,2025-03-23,2025-02-19
DM5839,2025-03-23,2025-02-20
DM5839,2025-03-23,2025-02-26
DM5839,2025-03-23,2025-02-27
DM5839,2025-03-23,2025-03-03
DM5839,2026-03-23,2026-02-06
DM5839,2026-03-23,2026-02-11
DP2625,2024-10-31,2024-10-15
DP2625,2025-10-31,2025-10-01
DP2625,2025-10-31,2025-10-03
DP2625,2025-10-31,2025-10-07
DP2625,2025-10-31,2025-10-09
DP2625,2025-10-31,2025-10-10
DP2625,2025-10-31,2025-10-14
DP2625,2025-10-31,2025-10-17
EY0237,2025-02-28,2025-01-14
EY0237,2025-02-28,2025-01-16
EY0237,2025-02-28,2025-02-14
EY0237,2026-02-28,2026-01-21
EY0237,2026-02-28,2026-02-06
EY0237,2026-02-28,2026-02-12
EY0237,2026-02-28,2026-02-13
FF7290,2024-07-18,2024-06-26
FF7290,2024-07-18,2024-06-27
FF7290,2025-07-18,2025-06-16
FF7290,2025-07-18,2025-06-30
FF7290,2025-07-18,2025-07-01
FF7290,2025-07-18,2025-07-04
GF4551,2025-01-30,2024-12-20
GF4551,2026-01-30,2025-12-16
GF4551,2026-01-30,2025-12-17
GF4551,2026-01-30,2025-12-22
GF4551,2026-01-30,2026-01-06
GF4551,2026-01-30,2026-01-16
IM1864,2024-08-21,2024-07-17
IM1864,2024-08-21,2024-07-22
IM1864,2024-08-21,2024-07-29
IM1864,2024-08-21,2024-07-30
IM1864,2024-08-21,2024-07-31
IM1864,2024-08-21,2024-08-06
IM1864,2024-08-21,2024-08-07
IR4342,2025-02-27,2025-01-16
IR4342,2025-02-27,2025-01-24
IR4342,2025-02-27,2025-01-27
IR4342,2025-02-27,2025-01-29
IR4342,2025-02-27,2025-01-30
IR4342,2025-02-27,2025-01-31
IR4342,2025-02-27,2025-02-13
IR4342,2026-02-27,2026-02-03
JN0994,2024-07-30,2024-07-01
JN0994,2024-07-30,2024-07-03
JN0994,2024-07-30,2024-07-04
JN0994,2025-07-30,2025-06-23
JN0994,2025-07-30,2025-07-04
JN0994,2025-07-30,2025-07-08
JW0634,2025-03-31,2025-02-27
JW0634,2025-03-31,2025-03-04
JW0634,2025-03-31,2025-03-06
JW0634,2025-03-31,2025-03-12
JW0634,2025-03-31,2025-03-13
JW0634,2025-03-31,2025-03-14
KR6773,2024-09-24,2024-08-29
KR6773,2024-09-24,2024-09-04
KR6773,2025-09-24,2025-08-18
KR6773,2025-09-24,2025-08-28
KR6773,2025-09-24,2025-08-29
KR6773,2025-09-24,2025-09-01
KR6773,2025-09-24,2025-09-09
KU2789,2024-12-31,2024-11-22
KU2789,2024-12-31,2024-12-04
KU2789,2025-12-31,2025-11-21
KU2789,2025-12-31,2025-11-25
KU2789,2025-12-31,2025-12-03
KU2789,2025-12-31,2025-12-05
LH2729,2025-02-14,2025-01-02
LH2729,2025-02-14,2025-01-03
LH2729,2025-02-14,2025-01-07
LH2729,2025-02-14,2025-01-20
LH2729,2025-02-14,2025-01-24
LH2729,2025-02-14,2025-01-27
LN1184,2024-08-15,2024-07-15
LN1184,2024-08-15,2024-07-18
LN1184,2024-08-15,2024-07-19
LN1184,2024-08-15,2024-07-23
LN1184,2024-08-15,2024-07-31
LN1184,2024-08-15,2024-08-01
LN1184,2025-08-15,2025-07-21
LN8008,2024-06-07,2024-04-25
LN8008,2024-06-07,2024-05-10
LN8008,2024-06-07,2024-05-13
LN8008,2024-06-07,2024-05-16
LN8008,2025-06-07,2025-05-12
LN8008,2025-06-07,2025-05-21
LT6786,2025-02-21,2025-01-14
LT6786,2025-02-21,2025-01-15
LT6786,2025-02-21,2025-01-20
LT6786,2025-02-21,2025-01-21
LT6786,2025-02-21,2025-01-30
LT6786,2025-02-21,2025-01-31
LT6786,2025-02-21,2025-02-03
LT6786,2025-02-21,2025-02-07
LY8301,2024-05-07,2024-04-03
LY8301,2024-05-07,2024-04-05
LY8301,2024-05-07,2024-04-08
LY8301,2024-05-07,2024-04-09
LY8301,2024-05-07,2024-04-11
LY8301,2024-05-07,2024-04-12
LY8301,2024-05-07,2024-04-15
LY8301,2024-05-07,2024-04-16
LY8301,2024-05-07,2024-04-18
LY8301,2024-05-07,2024-04-19
LY8301,2024-05-07,2024-04-22
LY8301,2024-05-07,2024-04-23
MI8848,2024-09-08,2024-07-31
MI8848,2024-09-08,2024-08-01
MI8848,2024-09-08,2024-08-05
MI8848,2024-09-08,2024-08-08
MI8848,2024-09-08,2024-08-12
MI8848,2024-09-08,2024-08-16
MI8848,2024-09-08,2024-08-19
MI8848,2025-09-08,2025-08-12
OI3841,2024-07-12,2024-05-28
OI3841,2024-07-12,2024-05-29
OI3841,2024-07-12,2024-05-30
OI3841,2024-07-12,2024-05-31
OI3841,2024-07-12,2024-06-07
OI3841,2024-07-12,2024-06-24
OI3841,2025-07-12,2025-06-16
OO5388,2024-12-31,2024-11-28
OO5388,2024-12-31,2024-12-09
OO5388,2024-12-31,2024-12-13
OO5388,2024-12-31,2024-12-16
OO5388,2025-12-31,2025-12-08
OO5388,2025-12-31,2025-12-12
PA6475,2025-03-07,2025-01-23
PA6475,2025-03-07,2025-01-28
PA6475,2025-03-07,2025-01-29
PA6475,2025-03-07,2025-02-03
PA6475,2025-03-07,2025-02-14
PA6475,2026-03-07,2026-02-09
QI8801,2025-04-20,2025-03-17
QI8801,2025-04-20,2025-03-18
QI8801,2025-04-20,2025-03-19
QI8801,2025-04-20,2025-03-20
QI8801,2025-04-20,2025-03-21
QI8801,2025-04-20,2025-03-24
QX6601,2025-02-28,2025-01-23
QX6601,2025-02-28,2025-01-27
QX6601,2025-02-28,2025-01-29
QX6601,2025-02-28,2025-01-30
QX6601,2025-02-28,2025-02-03
QX6601,2025-02-28,2025-02-07
QZ8375,2024-10-24,2024-09-16
QZ8375,2025-10-24,2025-09-09
QZ8375,2025-10-24,2025-09-17
QZ8375,2025-10-24,2025-09-18
QZ8375,2025-10-24,2025-09-30
QZ8375,2025-10-24,2025-10-07
QZ8375,2025-10-24,2025-10-08
QZ8375,2025-10-24,2025-10-10
TD9432,2026-02-27,2026-01-13
TD9432,2026-02-27,2026-01-27
TD9432,2026-02-27,2026-02-02
TD9432,2026-02-27,2026-02-09
TD9432,2026-02-27,2026-02-11
TD9432,2026-02-27,2026-02-13
VF1134,2024-08-02,2024-06-18
VF1134,2024-08-02,2024-06-19
VF1134,2024-08-02,2024-06-24
VF1134,2024-08-02,2024-07-02
VF1134,2024-08-02,2024-07-19
VF1134,2025-08-02,2025-07-07
WF2425,2024-11-22,2024-10-28
WF2425,2024-11-22,2024-11-08
WF2425,2025-11-22,2025-10-15
WF2425,2025-11-22,2025-10-29
WF2425,2025-11-22,2025-11-04
WF2425,2025-11-22,2025-11-06
XE2764,2025-02-20,2025-01-06
XE2764,2025-02-20,2025-01-07
XE2764,2025-02-20,2025-01-13
XE2764,2025-02-20,2025-01-17
XE2764,2025-02-20,2025-01-21
XE2764,2025-02-20,2025-01-23
XE2764,2025-02-20,2025-01-27
XE2764,2025-02-20,2025-02-03
XE2764,2025-02-20,2025-02-04
XK0354,2024-09-06,2024-07-23
XK0354,2024-09-06,2024-07-24
XK0354,2024-09-06,2024-07-30
XK0354,2024-09-06,2024-07-31
XK0354,2024-09-06,2024-08-01
XK0354,2024-09-06,2024-08-05
XK0354,2024-09-06,2024-08-06
XK0354,2024-09-06,2024-08-08
XK0354,2024-09-06,2024-08-12
XK0354,2024-09-06,2024-08-15
XK0354,2024-09-06,2024-08-16
XK0354,2024-09-06,2024-08-19
XN8110,2024-08-31,2024-07-17
XN8110,2024-08-31,2024-07-18
XN8110,2024-08-31,2024-07-23
XN8110,2024-08-31,2024-07-24
XN8110,2024-08-31,2024-07-29
XN8110,2024-08-31,2024-07-31
XN8110,2024-08-31,2024-08-06
XN8110,2024-08-31,2024-08-08
XN8110,2024-08-31,2024-08-13
XW8457,2024-09-19,2024-08-05
XW8457,2024-09-19,2024-08-06
XW8457,2024-09-19,2024-08-07
XW8457,2024-09-19,2024-08-08
XW8457,2024-09-19,2024-08-12
XW8457,2024-09-19,2024-08-13
XW8457,2024-09-19,2024-08-14
XW8457,2024-09-19,2024-08-16
XW8457,2024-09-19,2024-08-19
XW8457,2024-09-19,2024-08-20
XW8457,2024-09-19,2024-08-23
XW8457,2024-09-19,2024-08-28
YA8318,2024-05-13,2024-04-03
YA8318,2024-05-13,2024-04-11
YA8318,2024-05-13,2024-04-15
YA8318,2024-05-13,2024-04-18
YA8318,2025-05-13,2025-04-16
YA8318,2025-05-13,2025-04-28
YD0040,2025-03-06,2025-01-23
YD0040,2025-03-06,2025-01-24
YD0040,2025-03-06,2025-01-27
YD0040,2025-03-06,2025-01-29
YD0040,2025-03-06,2025-01-30
YD0040,2025-03-06,2025-02-03
YD0040,2025-03-06,2025-02-13
YD0040,2025-03-06,2025-02-18
YD0040,2026-03-06,2026-02-12
YP1170,2024-05-02,2024-04-04
YP1170,2024-05-02,2024-04-18
YP1170,2025-05-02,2025-03-18
YP1170,2025-05-02,2025-03-19
YP1170,2025-05-02,2025-03-27
YP1170,2025-05-02,2025-04-10
ZD4496,2025-03-06,2025-01-24
ZD4496,2025-03-06,2025-01-28
ZD4496,2025-03-06,2025-01-29
ZD4496,2025-03-06,2025-01-30
ZD4496,2025-03-06,2025-01-31
ZD4496,2025-03-06,2025-02-11
ZD4496,2025-03-06,2025-02-13
ZF9958,2024-12-17,2024-11-04
ZF9958,2024-12-17,2024-11-05
ZF9958,2024-12-17,2024-11-06
ZF9958,2024-12-17,2024-11-07
ZF9958,2024-12-17,2024-11-11
ZF9958,2024-12-17,2024-11-12
ZF9958,2024-12-17,2024-11-20
ZF9958,2024-12-17,2024-11-21
ZF9958,2024-12-17,2024-11-25
ZF9958,2024-12-17,2024-11-26
ZF9958,2024-12-17,2024-11-27
ZF9958,2024-12-17,2024-11-29
ZF9958,2024-12-17,2024-12-03
ZQ9669,2025-10-15,2025-09-05
ZQ9669,2025-10-15,2025-09-11
ZQ9669,2025-10-15,2025-09-15
ZQ9669,2025-10-15,2025-09-18
ZQ9669,2025-10-15,2025-09-19
ZQ9669,2025-10-15,2025-09-22
ZQ9669,2025-10-15,2025-09-25
ZQ9669,2025-10-15,2025-09-26
ZQ9669,2025-10-15,2025-09-29
